IN/MP/IO/h0/hr0,109.0.39.1/24
IN/MP/IO/h0/hr0/as2,109.0.39.2/24
IN/MP/JL/h0/hr0,109.0.45.1/24
IN/MP/JL/h0/hr0/as0,109.0.45.2/24
IN/WB/KK/h1/hr0,108.0.2.1/24
IN/WB/KK/h1/hr1,108.0.2.2/24
IN/WB/KK/h0/hr0,104.0.1.1/24
IN/WB/KK/h1/hr0,104.0.1.2/24
IN/MH/MB/n0,106.0.3.1/24
IN/MP/BP/s0,106.0.3.2/24
IN/WB/KK/h0/hr0,109.0.3.1/24
IN/WB/KK/h0/hr0/as2,109.0.3.2/24
IN/WB/KK/h2/hr0,109.0.8.1/24
IN/WB/KK/h2/hr0/as7,109.0.8.2/24
IN/MH/MB/i0,105.0.1.1/24
IN/MH/MB/n0,105.0.1.2/24
IN/MP/IO/h1/hr0,108.0.15.1/24
IN/MP/IO/h1/hr1,108.0.15.2/24
IN/WB/BU/h0/hr0,109.0.14.1/24
IN/WB/BU/h0/hr0/as0,109.0.14.2/24
IN/MP/BP/h0/hr0,104.0.7.1/24
IN/MP/BP/h1/hr0,104.0.7.2/24
IN/PB/LI/h1/hr0,109.0.25.1/24
IN/PB/LI/h1/hr0/as3,109.0.25.2/24
IN/PB/LI/h1/hr1,109.0.26.1/24
IN/PB/LI/h1/hr1/as4,109.0.26.2/24
IN/WB/SI/h0/hr0,109.0.13.1/24
IN/WB/SI/h0/hr0/as2,109.0.13.2/24
IN/PB/MA/h1/hr0,109.0.20.1/24
IN/PB/MA/h1/hr0/as3,109.0.20.2/24
IN/MP/BP/s0,103.0.7.1/24
IN/MP/IO/s1,103.0.7.2/24
IN/PB/JN/h0/hr0,104.0.6.1/24
IN/PB/JN/h1/hr0,104.0.6.2/24
IN/PB/JN/h0/hr1,109.0.28.1/24
IN/PB/JN/h0/hr1/as1,109.0.28.2/24
IN/MP/BP/h1/hr1,109.0.36.1/24
IN/MP/BP/h1/hr1/as4,109.0.36.2/24
IN/PB/LI/h0/hr0,109.0.24.1/24
IN/PB/LI/h0/hr0/as2,109.0.24.2/24
IN/MP/BP/h0/hr1,109.0.33.1/24
IN/MP/BP/h0/hr1/as1,109.0.33.2/24
IN/WB/SI/h0/hr0,108.0.4.1/24
IN/WB/SI/h0/hr1,108.0.4.2/24
IN/MP/IO/h0/hr1,109.0.38.1/24
IN/MP/IO/h0/hr1/as1,109.0.38.2/24
IN/WB/BU/s2,107.0.3.1/24
IN/WB/BU/h0/hr0,107.0.3.2/24
IN/MP/GL/h0/hr0,109.0.44.1/24
IN/MP/GL/h0/hr0/as2,109.0.44.2/24
IN/WB/KK/h1/hr0,104.0.3.1/24
IN/WB/KK/h2/hr0,104.0.3.2/24
IN/WB/KK/s0,107.0.1.1/24
IN/WB/KK/h0/hr0,107.0.1.2/24
IN/PB/MA/s0,107.0.4.1/24
IN/PB/MA/h0/hr0,107.0.4.2/24
IN/WB/KK/h0/hr1,109.0.4.1/24
IN/WB/KK/h0/hr1/as3,109.0.4.2/24
IN/PB/JN/h1/hr0,109.0.30.1/24
IN/PB/JN/h1/hr0/as3,109.0.30.2/24
IN/MP/IO/h0/hr0,104.0.8.1/24
IN/MP/IO/h1/hr0,104.0.8.2/24
IN/WB/KK/h1/hr0,109.0.5.1/24
IN/WB/KK/h1/hr0/as4,109.0.5.2/24
IN/PB/MA/h0/hr0,109.0.17.1/24
IN/PB/MA/h0/hr0/as0,109.0.17.2/24
IN/WB/KK/h2/hr0,108.0.3.1/24
IN/WB/KK/h2/hr1,108.0.3.2/24
IN/MP/BP/s0,107.0.10.1/24
IN/MP/JL/h0/hr0,107.0.10.2/24
IN/MP/IO/h1/hr0,109.0.40.1/24
IN/MP/IO/h1/hr0/as3,109.0.40.2/24
IN/WB/BU/h0/hr0,108.0.5.1/24
IN/WB/BU/h0/hr1,108.0.5.2/24
IN/WB/KK/s0,103.0.2.1/24
IN/WB/BU/s2,103.0.2.2/24
IN/MP/JL/h0/hr0,109.0.47.1/24
IN/MP/JL/h0/hr0/as2,109.0.47.2/24
IN/MP/GL/s2,107.0.9.1/24
IN/MP/GL/h0/hr0,107.0.9.2/24
IN/MP/IO/s1,107.0.8.1/24
IN/MP/IO/h0/hr0,107.0.8.2/24
IN/MP/BP/h0/hr0,109.0.32.1/24
IN/MP/BP/h0/hr0/as0,109.0.32.2/24
IN/PB/LI/h0/hr0,104.0.5.1/24
IN/PB/LI/h1/hr0,104.0.5.2/24
IN/MP/JL/h0/hr0,108.0.17.1/24
IN/MP/JL/h0/hr1,108.0.17.2/24
IN/WB/SI/h0/hr1,109.0.12.1/24
IN/WB/SI/h0/hr1/as1,109.0.12.2/24
IN/WB/BU/h0/hr1,109.0.15.1/24
IN/WB/BU/h0/hr1/as1,109.0.15.2/24
IN/PB/MA/h0/hr0,109.0.19.1/24
IN/PB/MA/h0/hr0/as2,109.0.19.2/24
IN/PB/JN/h1/hr1,109.0.31.1/24
IN/PB/JN/h1/hr1/as4,109.0.31.2/24
IN/WB/SI/s1,103.0.3.1/24
IN/WB/BU/s2,103.0.3.2/24
IN/PB/JN/h1/hr0,108.0.11.1/24
IN/PB/JN/h1/hr1,108.0.11.2/24
IN/WB/KK/h1/hr1,109.0.6.1/24
IN/WB/KK/h1/hr1/as5,109.0.6.2/24
IN/WB/KK/h0/hr0,109.0.1.1/24
IN/WB/KK/h0/hr0/as0,109.0.1.2/24
IN/MP/BP/h1/hr0,108.0.13.1/24
IN/MP/BP/h1/hr1,108.0.13.2/24
IN/WB/SI/h0/hr0,109.0.11.1/24
IN/WB/SI/h0/hr0/as0,109.0.11.2/24
IN/MP/JL/h0/hr1,109.0.46.1/24
IN/MP/JL/h0/hr1/as1,109.0.46.2/24
IN/PB/JN/h0/hr0,109.0.27.1/24
IN/PB/JN/h0/hr0/as0,109.0.27.2/24
IN/MH/MB/n0,102.0.1.1/24
IN/DL/ND/n1,102.0.1.2/24
IN/MP/GL/h0/hr0,109.0.42.1/24
IN/MP/GL/h0/hr0/as0,109.0.42.2/24
IN/MP/IO/h0/hr0,108.0.14.1/24
IN/MP/IO/h0/hr1,108.0.14.2/24
IN/MP/GL/h0/hr1,109.0.43.1/24
IN/MP/GL/h0/hr1/as1,109.0.43.2/24
IN/PB/MA/h0/hr0,108.0.6.1/24
IN/PB/MA/h0/hr1,108.0.6.2/24
IN/MP/BP/h1/hr0,109.0.35.1/24
IN/MP/BP/h1/hr0/as3,109.0.35.2/24
IN/MP/BP/s0,103.0.8.1/24
IN/MP/GL/s2,103.0.8.2/24
IN/PB/MA/s0,103.0.4.1/24
IN/PB/LI/s1,103.0.4.2/24
IN/PB/LI/h0/hr0,108.0.8.1/24
IN/PB/LI/h0/hr1,108.0.8.2/24
IN/MP/IO/h0/hr0,109.0.37.1/24
IN/MP/IO/h0/hr0/as0,109.0.37.2/24
IN/PB/MA/h0/hr1,109.0.18.1/24
IN/PB/MA/h0/hr1/as1,109.0.18.2/24
IN/MP/IO/s1,103.0.9.1/24
IN/MP/GL/s2,103.0.9.2/24
IN/MP/BP/h0/hr0,109.0.34.1/24
IN/MP/BP/h0/hr0/as2,109.0.34.2/24
IN/WB/KK/h0/hr0,104.0.2.1/24
IN/WB/KK/h2/hr0,104.0.2.2/24
IN/PB/LI/h0/hr1,109.0.23.1/24
IN/PB/LI/h0/hr1/as1,109.0.23.2/24
IN/DL/ND/n1,106.0.2.1/24
IN/PB/MA/s0,106.0.2.2/24
IN/MP/BP/h0/hr0,108.0.12.1/24
IN/MP/BP/h0/hr1,108.0.12.2/24
IN/DL/ND/n1,106.0.1.1/24
IN/WB/KK/s0,106.0.1.2/24
IN/WB/KK/h2/hr0,109.0.10.1/24
IN/WB/KK/h2/hr0/as9,109.0.10.2/24
IN/PB/LI/h1/hr0,108.0.9.1/24
IN/PB/LI/h1/hr1,108.0.9.2/24
IN/PB/LI/s1,103.0.6.1/24
IN/PB/JN/s2,103.0.6.2/24
IN/PB/LI/s1,107.0.5.1/24
IN/PB/LI/h0/hr0,107.0.5.2/24
IN/WB/KK/h0/hr0,108.0.1.1/24
IN/WB/KK/h0/hr1,108.0.1.2/24
IN/PB/JN/s2,107.0.6.1/24
IN/PB/JN/h0/hr0,107.0.6.2/24
IN/PB/MA/h1/hr0,108.0.7.1/24
IN/PB/MA/h1/hr1,108.0.7.2/24
IN/MP/IO/h1/hr1,109.0.41.1/24
IN/MP/IO/h1/hr1/as4,109.0.41.2/24
IN/WB/KK/s0,103.0.1.1/24
IN/WB/SI/s1,103.0.1.2/24
IN/PB/MA/h1/hr1,109.0.21.1/24
IN/PB/MA/h1/hr1/as4,109.0.21.2/24
IN/PB/MA/h0/hr0,104.0.4.1/24
IN/PB/MA/h1/hr0,104.0.4.2/24
IN/WB/KK/h2/hr1,109.0.9.1/24
IN/WB/KK/h2/hr1/as8,109.0.9.2/24
IN/WB/KK/h0/hr1,109.0.2.1/24
IN/WB/KK/h0/hr1/as1,109.0.2.2/24
IN/PB/JN/h0/hr0,108.0.10.1/24
IN/PB/JN/h0/hr1,108.0.10.2/24
IN/WB/BU/h0/hr0,109.0.16.1/24
IN/WB/BU/h0/hr0/as2,109.0.16.2/24
IN/MP/GL/h0/hr0,108.0.16.1/24
IN/MP/GL/h0/hr1,108.0.16.2/24
IN/WB/KK/h1/hr0,109.0.7.1/24
IN/WB/KK/h1/hr0/as6,109.0.7.2/24
IN/MP/BP/s0,107.0.7.1/24
IN/MP/BP/h0/hr0,107.0.7.2/24
IN/PB/MA/s0,103.0.5.1/24
IN/PB/JN/s2,103.0.5.2/24
IN/WB/SI/s1,107.0.2.1/24
IN/WB/SI/h0/hr0,107.0.2.2/24
IN/PB/LI/h0/hr0,109.0.22.1/24
IN/PB/LI/h0/hr0/as0,109.0.22.2/24
IN/PB/JN/h0/hr0,109.0.29.1/24
IN/PB/JN/h0/hr0/as2,109.0.29.2/24
